{"test-std": {"MRR (x 100)": 56.18394313870644, "R@1": 43.7, "R@5": 71.025, "R@10": 84.8, "Mean": 5.41525, "NDCG (x 100)": 75.92360017946052}}