{"test-std": {"MRR (x 100)": 56.42225637395263, "R@1": 44.324999999999996, "R@5": 70.22500000000001, "R@10": 84.52499999999999, "Mean": 5.46775, "NDCG (x 100)": 76.1706482570675}}