{"test-std": {"MRR (x 100)": 68.14260485973732, "R@1": 54.574999999999996, "R@5": 85.15, "R@10": 93.10000000000001, "Mean": 3.27375, "NDCG (x 100)": 63.90406786841114}}